{
    "rmse": 0.6066788940303152,
    "mae": 0.4747524571588182,
    "r2": 0.3107020582320452
}